{"cameraMode":{"drawMode":0,"name":"Shaded","section":"Shading Mode"},"sceneLighting":false,"audioPlay":false,"sceneViewState":{"showFog":true,"showMaterialUpdate":false,"showSkybox":false,"showFlares":true,"showImageEffects":true,"showParticleSystems":true},"in2DMode":false,"pivot":{"x":-39.08152770996094,"y":3.3483128547668459,"z":0.0},"rotation":{"x":-0.06019839644432068,"y":0.04998613893985748,"z":-0.0030217927414923908,"w":-0.9969415664672852},"size":4.030506610870361,"orthographic":false}