{"cameraMode":{"drawMode":0,"name":"Shaded","section":"Shading Mode"},"sceneLighting":true,"audioPlay":false,"sceneViewState":{"showFog":true,"showMaterialUpdate":false,"showSkybox":true,"showFlares":true,"showImageEffects":true,"showParticleSystems":true},"in2DMode":false,"pivot":{"x":-960.721435546875,"y":99.90689849853516,"z":67.29721069335938},"rotation":{"x":-0.1259700059890747,"y":0.008032464422285557,"z":-0.001019907183945179,"w":-0.9920028448104858},"size":20.266765594482423,"orthographic":false}