{"cameraMode":{"drawMode":0,"name":"Shaded","section":"Shading Mode"},"sceneLighting":true,"audioPlay":false,"sceneViewState":{"showFog":true,"showMaterialUpdate":false,"showSkybox":true,"showFlares":true,"showImageEffects":true,"showParticleSystems":true},"in2DMode":false,"pivot":{"x":-1091.5721435546875,"y":152.57748413085938,"z":-18.518178939819337},"rotation":{"x":-0.09156492352485657,"y":-0.05016932636499405,"z":0.004618516657501459,"w":-0.9945297837257385},"size":1.2247449159622193,"orthographic":false}